styles.css	text/css; charset=utf-8
app.mjs	text/javascript; charset=utf-8
lan-client.mjs	text/javascript; charset=utf-8
lan-crypto.mjs	text/javascript; charset=utf-8
vault-ui-model.mjs	text/javascript; charset=utf-8
node_modules/@noble/ciphers/_arx.js	text/javascript; charset=utf-8
node_modules/@noble/ciphers/_poly1305.js	text/javascript; charset=utf-8
node_modules/@noble/ciphers/_polyval.js	text/javascript; charset=utf-8
node_modules/@noble/ciphers/aes.js	text/javascript; charset=utf-8
node_modules/@noble/ciphers/chacha.js	text/javascript; charset=utf-8
node_modules/@noble/ciphers/ff1.js	text/javascript; charset=utf-8
node_modules/@noble/ciphers/index.js	text/javascript; charset=utf-8
node_modules/@noble/ciphers/salsa.js	text/javascript; charset=utf-8
node_modules/@noble/ciphers/utils.js	text/javascript; charset=utf-8
node_modules/@noble/ciphers/webcrypto.js	text/javascript; charset=utf-8
node_modules/@noble/curves/abstract/bls.js	text/javascript; charset=utf-8
node_modules/@noble/curves/abstract/curve.js	text/javascript; charset=utf-8
node_modules/@noble/curves/abstract/der.js	text/javascript; charset=utf-8
node_modules/@noble/curves/abstract/edwards.js	text/javascript; charset=utf-8
node_modules/@noble/curves/abstract/fft.js	text/javascript; charset=utf-8
node_modules/@noble/curves/abstract/frost.js	text/javascript; charset=utf-8
node_modules/@noble/curves/abstract/hash-to-curve.js	text/javascript; charset=utf-8
node_modules/@noble/curves/abstract/modular.js	text/javascript; charset=utf-8
node_modules/@noble/curves/abstract/montgomery.js	text/javascript; charset=utf-8
node_modules/@noble/curves/abstract/oprf.js	text/javascript; charset=utf-8
node_modules/@noble/curves/abstract/poseidon.js	text/javascript; charset=utf-8
node_modules/@noble/curves/abstract/tower.js	text/javascript; charset=utf-8
node_modules/@noble/curves/abstract/weierstrass.js	text/javascript; charset=utf-8
node_modules/@noble/curves/bls12-381.js	text/javascript; charset=utf-8
node_modules/@noble/curves/bn254.js	text/javascript; charset=utf-8
node_modules/@noble/curves/ed25519.js	text/javascript; charset=utf-8
node_modules/@noble/curves/ed448.js	text/javascript; charset=utf-8
node_modules/@noble/curves/index.js	text/javascript; charset=utf-8
node_modules/@noble/curves/misc.js	text/javascript; charset=utf-8
node_modules/@noble/curves/nist.js	text/javascript; charset=utf-8
node_modules/@noble/curves/secp256k1.js	text/javascript; charset=utf-8
node_modules/@noble/curves/utils.js	text/javascript; charset=utf-8
node_modules/@noble/curves/webcrypto.js	text/javascript; charset=utf-8
node_modules/@noble/hashes/_blake.js	text/javascript; charset=utf-8
node_modules/@noble/hashes/_md.js	text/javascript; charset=utf-8
node_modules/@noble/hashes/_u64.js	text/javascript; charset=utf-8
node_modules/@noble/hashes/argon2.js	text/javascript; charset=utf-8
node_modules/@noble/hashes/blake1.js	text/javascript; charset=utf-8
node_modules/@noble/hashes/blake2.js	text/javascript; charset=utf-8
node_modules/@noble/hashes/blake3.js	text/javascript; charset=utf-8
node_modules/@noble/hashes/eskdf.js	text/javascript; charset=utf-8
node_modules/@noble/hashes/hkdf.js	text/javascript; charset=utf-8
node_modules/@noble/hashes/hmac.js	text/javascript; charset=utf-8
node_modules/@noble/hashes/index.js	text/javascript; charset=utf-8
node_modules/@noble/hashes/legacy.js	text/javascript; charset=utf-8
node_modules/@noble/hashes/pbkdf2.js	text/javascript; charset=utf-8
node_modules/@noble/hashes/scrypt.js	text/javascript; charset=utf-8
node_modules/@noble/hashes/sha2.js	text/javascript; charset=utf-8
node_modules/@noble/hashes/sha3-addons.js	text/javascript; charset=utf-8
node_modules/@noble/hashes/sha3.js	text/javascript; charset=utf-8
node_modules/@noble/hashes/utils.js	text/javascript; charset=utf-8
node_modules/@noble/hashes/webcrypto.js	text/javascript; charset=utf-8
